,Driver name,Nationality,Seasons competed,Drivers' Championships,Race entries,Race starts,Pole positions,Race wins,Podiums,Fastest laps,Points[a],Date of Birth
0,Carlo Abate,Italy,1962–1963,0,3,0,0,0,0,0,0,1932-07-10
1,George Abecassis,United Kingdom,1951–1952,0,2,2,0,0,0,0,0,1913-03-21
2,Kenny Acheson,United Kingdom,"1983, 1985",0,10,3,0,0,0,0,0,1957-11-27
3,Andrea de Adamich,Italy,"1968, 1970–1973",0,36,30,0,0,0,0,6,1941-10-03
4,Philippe Adams,Belgium,1994,0,2,2,0,0,0,0,0,1969-11-19
5,Walt Ader,United States,1950,0,1[b],1,0,0,0,0,0,1912-12-15
6,Kurt Adolff,West Germany,1953,0,1,1,0,0,0,0,0,1921-11-05
7,Fred Agabashian,United States,1950–1957,0,9[b],8,1,0,0,0,1.5,1913-08-21
8,Kurt Ahrens Jr.,West Germany,1966–1969,0,4,4,0,0,0,0,0,1940-04-19
9,Jack Aitken,United Kingdom,2020,0,1,1,0,0,0,0,0,1995-09-23
10,Christijan Albers,Netherlands,2005–2007,0,46,46,0,0,0,0,4,1979-04-16
11,Alexander Albon*,Thailand,"2019–2020, 2022–2023",0,82,81,0,0,2,0,228,1996-03-23
12,Michele Alboreto,Italy,1981–1994,0,215,194,2,5,23,5,186.5,1956-12-23
13,Jean Alesi,France,1989–2001,0,202,201,2,1,32,4,241,1964-06-11
14,Jaime Alguersuari,Spain,2009–2011,0,46,46,0,0,0,0,31,1990-03-23
15,Philippe Alliot,France,"1984–1990, 1993–1994",0,116,109,0,0,0,0,7,1954-07-27
16,Cliff Allison,United Kingdom,1958–1961,0,18,16,0,0,1,0,11,1932-02-08
17,Fernando Alonso~,Spain,"2001, 2003–2018, 2021–2023",22005–2006,380,377,22,32,106,24,2267,1981-07-29
18,Giovanna Amati,Italy,1992,0,3,0,0,0,0,0,0,1959-07-20
19,George Amick,United States,1958,0,2[b],1,0,0,1,0,6,1924-10-24
20,Red Amick,United States,1959–1960,0,2[b],2,0,0,0,0,0,1929-01-19
21,Chris Amon,New Zealand,1963–1976,0,108,96,5,0,11,3,83,1943-07-20
22,Bob Anderson,United Kingdom,1963–1967,0,29,25,0,0,1,0,8,1931-05-19
23,Conny Andersson,Sweden,1976–1977,0,5,1,0,0,0,0,0,1939-12-28
24,Emil Andres,United States,1950,0,1[b],0,0,0,0,0,0,1911-02-22
25,Mario Andretti^,United States,"1968–1972, 1974–1982",11978,131,128,18,12,19,10,180,1940-02-28
26,Michael Andretti,United States,1993,0,13,13,0,0,1,0,7,1962-10-05
27,Keith Andrews,United States,1955–1956,0,3[b],2,0,0,0,0,0,1920-06-15
28,Elio de Angelis,Italy,1979–1986,0,109,108,3,2,9,0,122,1958-03-26
29,Marco Apicella,Italy,1993,0,1,1,0,0,0,0,0,1965-10-07
30,Mário de Araújo Cabral,Portugal,"1959–1960, 1963–1964",0,5,4,0,0,0,0,0,1934-01-15
31,Frank Armi,United States,1954,0,3[b],1,0,0,0,0,0,1918-10-12
32,Chuck Arnold,United States,1959,0,2[b],1,0,0,0,0,0,1926-05-30
33,René Arnoux,France,1978–1989,0,164,149,18,7,22,12,181,1948-07-04
34,Peter Arundell,United Kingdom,"1963–1964, 1966",0,13,11,0,0,2,0,12,1933-11-08
35,Alberto Ascari^,Italy,1950–1955,21952–1953,33,32,14,13,17[c],12,107.64 (140.14)[d],1918-07-13
36,Peter Ashdown,United Kingdom,1959,0,1,1,0,0,0,0,0,1934-10-16
37,Ian Ashley,United Kingdom,1974–1977,0,11,4,0,0,0,0,0,1947-10-26
38,Gerry Ashmore,United Kingdom,1961–1962,0,4,3,0,0,0,0,0,1936-07-25
39,Bill Aston,United Kingdom,1952,0,3,1,0,0,0,0,0,1900-03-29
40,Richard Attwood,United Kingdom,"1964–1965, 1967–1969",0,17,16,0,0,1,1,11,1940-04-04
41,Manny Ayulo,United States,1951–1954,0,6[b],4,0,0,1[e],0,2,1921-10-20
42,Luca Badoer,Italy,"1993, 1995–1996, 1999, 2009",0,58,50,0,0,0,0,0,1971-01-25
43,Giancarlo Baghetti,Italy,1961–1967,0,21,21,0,1,1,1,14,1934-12-25
44,Julian Bailey,United Kingdom,"1988, 1991",0,20,7,0,0,0,0,1,1961-10-09
45,Mauro Baldi,Italy,1982–1985,0,41,36,0,0,0,0,5,1954-01-31
46,Bobby Ball,United States,1951–1952,0,2[b],2,0,0,0,0,2,1925-08-26
47,Marcel Balsa,France,1952,0,1,1,0,0,0,0,0,1909-01-01
48,Lorenzo Bandini,Italy,1961–1967,0,42,42,1,1,8,2,58,1935-12-21
49,Henry Banks,United States,1950–1952,0,5[b],3,0,0,0,0,0,1913-06-14
50,Fabrizio Barbazza,Italy,"1991, 1993",0,20,8,0,0,0,0,2,1963-04-02
51,John Barber,United Kingdom,1953,0,1,1,0,0,0,0,0,1929-07-22
52,Skip Barber,United States,1971–1972,0,6,5,0,0,0,0,0,1936-11-16
53,Paolo Barilla,Italy,1989–1990,0,15,9,0,0,0,0,0,1961-04-20
54,Rubens Barrichello,Brazil,1993–2011,0,326,322,14,11,68,17,658,1972-05-23
55,Michael Bartels,Germany,1991,0,4,0,0,0,0,0,0,1968-03-08
56,Edgar Barth,"East Germany, West Germany[f]","1953, 1957–1958, 1960, 1961, 1964",0,7,5,0,0,0,0,0,1917-01-26
57,Giorgio Bassi,Italy,1965,0,1,1,0,0,0,0,0,1934-01-20
58,Erwin Bauer,West Germany,1953,0,1,1,0,0,0,0,0,1912-07-17
59,Zsolt Baumgartner,Hungary,2003–2004,0,20,20,0,0,0,0,1,1981-01-01
60,Élie Bayol,France,1952–1956,0,8,7,0,0,0,0,2,1914-02-28
61,Don Beauman,United Kingdom,1954,0,1,1,0,0,0,0,0,1928-07-26
62,Karl-Günther Bechem[g],West Germany,1952–1953,0,2,2,0,0,0,0,0,1921-12-21
63,Jean Behra,France,1952–1959,0,53,52,0,0,9[h],1,51.14[d],1921-02-16
64,Derek Bell,United Kingdom,"1968–1972, 1974",0,16,9,0,0,0,0,1,1941-10-31
65,Stefan Bellof,West Germany,1984–1985,0,22,20,0,0,0,0,4,1957-11-20
66,Paul Belmondo,France,"1992, 1994",0,27,7,0,0,0,0,0,1963-04-23
67,Tom Belsø,Denmark,1973–1974,0,5,2,0,0,0,0,0,1942-08-27
68,Jean-Pierre Beltoise,France,1967–1974,0,88,86,0,1,8,4,77,1937-04-26
69,Olivier Beretta,Monaco,1994,0,10,9,0,0,0,0,0,1969-11-23
70,Allen Berg,Canada,1986,0,9,9,0,0,0,0,0,1961-08-01
71,Georges Berger,Belgium,1953–1954,0,2,2,0,0,0,0,0,1918-09-14
72,Gerhard Berger,Austria,1984–1997,0,210,210,12,10,48,21,385,1959-08-27
73,Éric Bernard,France,"1989–1991, 1994",0,47,45,0,0,1,0,10,1964-08-24
74,Enrique Bernoldi,Brazil,2001–2002,0,29,28,0,0,0,0,0,1978-10-19
75,Enrico Bertaggia,Italy,1989,0,6,0,0,0,0,0,0,1964-09-19
76,Tony Bettenhausen,United States,1950–1960,0,11[b],11,0,0,1[i],1,11,1916-09-02
77,Mike Beuttler,United Kingdom,1971–1973,0,29,28,0,0,0,0,0,1940-04-13
78,Birabongse Bhanudej,Thailand,1950–1954,0,19,19,0,0,0,0,8,1914-07-15
79,Jules Bianchi,France,2013–2014,0,34,34,0,0,0,0,2,1989-08-03
80,Lucien Bianchi,Belgium,"1959–1963, 1965, 1968",0,19,17,0,0,1,0,6,1934-11-10
81,Gino Bianco,Brazil,1952,0,4,4,0,0,0,0,0,1916-07-22
82,Hans Binder,Austria,1976–1978,0,15,13,0,0,0,0,0,1948-06-12
83,Clemente Biondetti,Italy,1950,0,1,1,0,0,0,0,0,1898-10-18
84,Pablo Birger,Argentina,"1953, 1955",0,2,2,0,0,0,0,0,1924-01-07
85,Art Bisch,United States,1958,0,1[b],1,0,0,0,0,0,1926-11-10
86,Harry Blanchard,United States,1959,0,1,1,0,0,0,0,0,1929-06-13
87,Michael Bleekemolen,Netherlands,1977–1978,0,5,1,0,0,0,0,0,1949-10-02
88,Alex Blignaut,South Africa,1965,0,1,0,0,0,0,0,0,1932-11-30
89,Trevor Blokdyk,South Africa,"1963, 1965",0,2,1,0,0,0,0,0,1935-11-30
90,Mark Blundell,United Kingdom,"1991, 1993–1995",0,63,61,0,0,3,0,32,1966-04-08
91,Raul Boesel,Brazil,1982–1983,0,30,23,0,0,0,0,0,1957-12-04
92,Menato Boffa,Italy,1961,0,1,0,0,0,0,0,0,1930-01-04
93,Bob Bondurant,United States,1965–1966,0,9,9,0,0,0,0,3,1933-04-27
94,Felice Bonetto,Italy,1950–1953,0,16,15,0,0,2[j],0,17.5,1903-06-09
95,Jo Bonnier,Sweden,1956–1971,0,108,104,1,1,1,0,39,1930-01-31
96,Roberto Bonomi,Argentina,1960,0,1,1,0,0,0,0,0,1919-09-30
97,Juan Manuel Bordeu,Argentina,1961,0,1,0,0,0,0,0,0,1934-01-28
98,Slim Borgudd,Sweden,1981–1982,0,15,10,0,0,0,0,1,1946-11-25
99,Luki Botha,South Africa,1967,0,1,1,0,0,0,0,0,1930-01-16
100,Valtteri Bottas*,Finland,2013–2023,0,223,222,20,10,67,19,1797,1989-08-28
101,Jean-Christophe Boullion,France,1995,0,11,11,0,0,0,0,3,1969-12-27
102,Sébastien Bourdais,France,2008–2009,0,27,27,0,0,0,0,6,1979-02-28
103,Thierry Boutsen,Belgium,1983–1993,0,164,163,1,3,15,1,132,1957-07-13
104,Johnny Boyd,United States,1955–1960,0,6[b],6,0,0,1,0,4,1926-08-19
105,David Brabham,Australia,"1990, 1994",0,30,24,0,0,0,0,0,1965-09-05
106,Gary Brabham,Australia,1990,0,2,0,0,0,0,0,0,1961-03-29
107,Jack Brabham^,Australia,1955–1970,"31959–1960, 1966",128,126,13,14,31,12,253 (261),1926-04-02
108,Bill Brack,Canada,"1968–1969, 1972",0,3,3,0,0,0,0,0,1935-12-26
109,Ernesto Brambilla,Italy,"1963, 1969",0,2,0,0,0,0,0,0,1934-01-31
110,Vittorio Brambilla,Italy,1974–1980,0,79,74,1,1,1,1,15.5,1937-11-11
111,Toni Branca,Switzerland,1950–1951,0,3,3,0,0,0,0,0,1916-09-15
112,Gianfranco Brancatelli,Italy,1979,0,3,0,0,0,0,0,0,1950-01-18
113,Eric Brandon,United Kingdom,"1952, 1954",0,5,5,0,0,0,0,0,1920-07-18
114,Don Branson,United States,1959–1960,0,2[b],2,0,0,0,0,3,1920-06-20
115,Tom Bridger,United Kingdom,1958,0,1,1,0,0,0,0,0,1934-06-24
116,Tony Brise,United Kingdom,1975,0,10,10,0,0,0,0,1,1952-03-28
117,Chris Bristow,United Kingdom,1959–1960,0,4,4,0,0,0,0,0,1937-12-02
118,Peter Broeker,Canada,1963,0,1,1,0,0,0,0,0,1926-05-15
119,Tony Brooks,United Kingdom,1956–1961,0,39,38,3,6[k],10,3,75,1932-02-25
120,Alan Brown,United Kingdom,1952–1954,0,9,8,0,0,0,0,2,1919-11-20
121,Walt Brown,United States,1950–1951,0,2[b],2,0,0,0,0,0,1910-12-30
122,Warwick Brown,Australia,1976,0,1,1,0,0,0,0,0,1949-12-24
123,Adolf Brudes,West Germany,1952,0,1,1,0,0,0,0,0,1899-10-15
124,Martin Brundle,United Kingdom,"1984–1989, 1991–1996",0,165,158,0,0,9,0,98,1959-06-01
125,Gianmaria Bruni,Italy,2004,0,18,18,0,0,0,0,0,1981-05-30
126,Jimmy Bryan,United States,1952–1960,0,10[b],9,0,1,3,0,18,1926-01-28
127,Clemar Bucci,Argentina,1954–1955,0,5,5,0,0,0,0,0,1920-09-04
128,Ronnie Bucknum,United States,1964–1966,0,11,11,0,0,0,0,2,1936-04-05
129,Ivor Bueb,United Kingdom,1957–1959,0,6,5,0,0,0,0,0,1923-06-06
130,Sébastien Buemi,Switzerland,2009–2011,0,55,55,0,0,0,0,29,1988-10-31
131,Luiz Bueno,Brazil,1973,0,1,1,0,0,0,0,0,1937-01-16
132,Ian Burgess,United Kingdom,1958–1963,0,20,16,0,0,0,0,0,1930-07-06
133,Luciano Burti,Brazil,2000–2001,0,15,14,0,0,0,0,0,1975-03-05
134,Roberto Bussinello,Italy,"1961, 1965",0,3,2,0,0,0,0,0,1927-10-04
135,Jenson Button^,United Kingdom,2000–2017,12009,309,306,8,15,50,8,1235,1980-01-19
136,Tommy Byrne,Ireland,1982,0,5,2,0,0,0,0,0,1958-05-06
137,Giulio Cabianca,Italy,1958–1960,0,4,3,0,0,0,0,3,1923-02-19
138,Phil Cade,United States,1959,0,1,0,0,0,0,0,0,1916-06-12
139,Alex Caffi,Italy,1986–1991,0,75,56,0,0,0,0,6,1964-03-18
140,John Campbell-Jones,United Kingdom,1962–1963,0,2,2,0,0,0,0,0,1930-01-21
141,Adrián Campos,Spain,1987–1988,0,21,17,0,0,0,0,0,1960-06-17
142,John Cannon,Canada,1971,0,1,1,0,0,0,0,0,1933-06-21
143,Eitel Cantoni,Uruguay,1952,0,3,3,0,0,0,0,0,1906-10-04
144,Bill Cantrell,United States,1950,0,2[b],1,0,0,0,0,0,1908-01-31
145,Ivan Capelli,Italy,1985–1993,0,98,93,0,0,3,0,31,1963-05-24
146,Piero Carini,Italy,1952–1953,0,3,3,0,0,0,0,0,1921-03-06
147,Duane Carter,United States,"1950–1955, 1959–1960",0,8[b],8,0,0,1[l],0,6.5,1913-05-05
148,Eugenio Castellotti,Italy,1955–1957,0,14,14,1,0,3,0,19.5,1930-10-10
149,Johnny Cecotto,Venezuela,1983–1984,0,23,18,0,0,0,0,1,1956-01-25
150,Andrea de Cesaris,Italy,1980–1994,0,214,208,1,0,5,1,59,1959-05-31
151,François Cevert,France,1970–1973,0,47,46,0,1,13,2,89,1944-02-25
152,Eugène Chaboud,France,1950–1951,0,3,3,0,0,0,0,1,1907-04-12
153,Jay Chamberlain,United States,1962,0,3,1,0,0,0,0,0,1925-12-29
154,Karun Chandhok,India,2010–2011,0,11,11,0,0,0,0,0,1984-01-19
155,Alain de Changy,Belgium,1959,0,1,0,0,0,0,0,0,1922-02-05
156,Colin Chapman,United Kingdom,1956,0,1,0,0,0,0,0,0,1928-05-19
157,Dave Charlton,South Africa,"1965, 1967–1968, 1970–1975",0,14,11,0,0,0,0,0,1936-10-27
158,Pedro Chaves,Portugal,1991,0,13,0,0,0,0,0,0,1965-02-27
159,Bill Cheesbourg,United States,1957–1959,0,4[b],3,0,0,0,0,0,1927-06-12
160,Eddie Cheever,United States,"1978, 1980–1989",0,143,132,0,0,9,0,70,1958-01-10
161,Andrea Chiesa,Switzerland,1992,0,10,3,0,0,0,0,0,1964-05-06
162,Max Chilton,United Kingdom,2013–2014,0,35,35,0,0,0,0,0,1991-04-21
163,Ettore Chimeri,Venezuela,1960,0,1,1,0,0,0,0,0,1921-06-04
164,Louis Chiron,Monaco,"1950–1951, 1953, 1955–1956, 1958",0,19,15,0,0,1,0,4,1899-08-03
165,Joie Chitwood,United States,1950,0,1[b],1,0,0,0,0,1,1912-04-14
166,Bob Christie,United States,1956–1960,0,7[b],5,0,0,0,0,0,1924-04-04
167,Johnny Claes,Belgium,"1950–1953, 1955",0,25,23,0,0,0,0,0,1916-08-11
168,David Clapham,South Africa,1965,0,1,0,0,0,0,0,0,1931-05-17
169,Jim Clark^,United Kingdom,1960–1968,"21963, 1965",73,72,33,25,32,28,255 (274),1936-03-04
170,Kevin Cogan,United States,1980–1981,0,2,0,0,0,0,0,0,1956-03-31
171,Peter Collins,United Kingdom,1952–1958,0,35,32,0,3,9[m],0,47,1931-11-06
172,Bernard Collomb,France,1961–1964,0,6,4,0,0,0,0,0,1930-10-07
173,Alberto Colombo,Italy,1978,0,3,0,0,0,0,0,0,1946-02-23
174,Érik Comas,France,1991–1994,0,63,59,0,0,0,0,7,1963-09-28
175,Franco Comotti,Italy,"1950, 1952",0,2,2,0,0,0,0,0,1906-07-24
176,George Connor,United States,1950–1952,0,4[b],3,0,0,0,0,0,1906-08-16
177,George Constantine,United States,1959,0,1,1,0,0,0,0,0,1918-02-22
178,John Cordts,Canada,1969,0,1,1,0,0,0,0,0,1935-07-23
179,David Coulthard,United Kingdom,1994–2008,0,247,246,12,13,62,18,535,1971-03-27
180,Piers Courage,United Kingdom,1967–1970,0,29,27,0,0,2,0,20,1942-05-27
181,Chris Craft,United Kingdom,1971,0,2,1,0,0,0,0,0,1939-11-17
182,Jim Crawford,United Kingdom,1975,0,2,2,0,0,0,0,0,1948-02-13
183,Ray Crawford,United States,"1955–1956, 1959",0,5[b],3,0,0,0,0,0,1915-10-26
184,Alberto Crespo,Argentina,1952,0,1,0,0,0,0,0,0,1920-01-16
185,Antonio Creus,Spain,1960,0,1,1,0,0,0,0,0,1924-10-28
186,Larry Crockett,United States,1954,0,1[b],1,0,0,0,0,0,1926-10-23
187,Tony Crook,United Kingdom,1952–1953,0,2,2,0,0,0,0,0,1920-02-16
188,Art Cross,United States,1952–1955,0,4[b],4,0,0,1,0,8,1918-01-24
189,Geoffrey Crossley,United Kingdom,1950,0,2,2,0,0,0,0,0,1921-05-11
190,Jérôme d'Ambrosio,Belgium,2011–2012,0,20,20,0,0,0,0,0,1985-12-27
191,Chuck Daigh,United States,1960,0,6,3,0,0,0,0,0,1923-11-29
192,Yannick Dalmas,France,"1987–1990, 1994",0,49,24,0,0,0,0,0,1961-07-28
193,Derek Daly,Ireland,1978–1982,0,64,49,0,0,0,0,15,1953-03-11
194,Christian Danner,West Germany,"1985–1987, 1989",0,47,36,0,0,0,0,4,1958-04-04
195,Jorge Daponte,Argentina,1954,0,3,2,0,0,0,0,0,1923-06-05
196,Anthony Davidson,United Kingdom,"2002, 2005, 2007–2008",0,24,24,0,0,0,0,0,1979-04-18
197,Jimmy Davies,United States,"1950–1951, 1953–1955",0,8[b],5,0,0,1,0,4,1929-08-08
198,Colin Davis,United Kingdom,1959,0,2,2,0,0,0,0,0,1933-07-29
199,Jimmy Daywalt,United States,"1953–1957, 1959",0,10[b],6,0,0,0,0,0,1924-08-28
200,Jean-Denis Délétraz,Switzerland,1994–1995,0,3,3,0,0,0,0,0,1963-10-01
201,Patrick Depailler,France,"1972, 1974–1980",0,95,95,1,2,19,4,139 (141),1944-08-09
202,Pedro Diniz,Brazil,1995–2000,0,99,98,0,0,0,0,10,1970-05-22
203,Duke Dinsmore,United States,"1950–1951, 1953, 1956",0,6[b],4,0,0,0,0,0,1913-04-10
204,Frank Dochnal,United States,1963,0,1,0,0,0,0,0,0,1920-10-08
205,José Dolhem,France,1974,0,3,1,0,0,0,0,0,1944-04-26
206,Martin Donnelly,United Kingdom,1989–1990,0,15,13,0,0,0,0,0,1964-03-26
207,Mark Donohue,United States,"1971, 1974–1975",0,16,14,0,0,1,0,8,1937-03-18
208,Robert Doornbos,Monaco Netherlands,2005–2006,0,11,11,0,0,0,0,0,1981-09-23
209,Ken Downing,United Kingdom,1952,0,2,2,0,0,0,0,0,1917-12-05
210,Bob Drake,United States,1960,0,1,1,0,0,0,0,0,1919-12-14
211,Paddy Driver,South Africa,"1963, 1974",0,2,1,0,0,0,0,0,1934-05-13
212,Piero Drogo,Italy,1960,0,1,1,0,0,0,0,0,1926-08-08
213,Bernard de Dryver,Belgium,1977–1978,0,2,0,0,0,0,0,0,1952-09-19
214,Johnny Dumfries,United Kingdom,1986,0,16,15,0,0,0,0,3,1958-04-26
215,Len Duncan,United States,1954,0,4[b],1,0,0,0,0,0,1911-07-25
216,Piero Dusio,Italy,1952,0,1,0,0,0,0,0,0,1899-10-13
217,George Eaton,Canada,1969–1971,0,13,11,0,0,0,0,0,1945-11-12
218,Bernie Ecclestone,United Kingdom,1958,0,2,0,0,0,0,0,0,1930-10-28
219,Don Edmunds,United States,1957,0,2[b],1,0,0,0,0,0,1930-09-23
220,Guy Edwards,United Kingdom,"1974, 1976–1977",0,17,11,0,0,0,0,0,1942-12-30
221,Vic Elford,United Kingdom,"1968–1969, 1971",0,13,13,0,0,0,0,8,1935-06-10
222,Ed Elisian,United States,1954–1958,0,5[b],5,0,0,0,0,0,1926-12-09
223,Paul Emery,United Kingdom,"1956, 1958",0,2,1,0,0,0,0,0,1916-11-12
224,Tomáš Enge,Czech Republic,2001,0,3,3,0,0,0,0,0,1976-09-11
225,Paul England,Australia,1957,0,1,1,0,0,0,0,0,1929-03-28
226,Marcus Ericsson,Sweden,2014–2018,0,97,97,0,0,0,0,18,1990-09-02
227,Harald Ertl,Austria,"1975–1978, 1980",0,28,19,0,0,0,0,0,1948-08-31
228,Nasif Estéfano,Argentina,"1960, 1962",0,2,1,0,0,0,0,0,1932-11-18
229,Philippe Étancelin,France,1950–1952,0,12,12,0,0,0,0,3,1896-12-28
230,Bob Evans,United Kingdom,1975–1976,0,12,10,0,0,0,0,0,1947-06-11
231,Corrado Fabi,Italy,1983–1984,0,18,12,0,0,0,0,0,1961-04-12
232,Teo Fabi,Italy,"1982, 1984–1987",0,71,64,3,0,2,2,23,1955-03-09
233,Pascal Fabre,France,1987,0,14,11,0,0,0,0,0,1960-01-09
234,Carlo Facetti,Italy,1974,0,1,0,0,0,0,0,0,1935-06-26
235,Luigi Fagioli,Italy,1950–1951,0,7,7,0,1[n],6,0,28 (32),1898-06-09
236,Jack Fairman,United Kingdom,"1953, 1955–1961",0,13,12,0,0,0,0,5,1913-03-15
237,Juan Manuel Fangio^,Argentina,"1950–1951, 1953–1958","51951, 1954–1957",52,51,29,24[o],35[p],23,245 (277.64)[d],1911-06-24
238,Nino Farina^,Italy,1950–1955,11950,34,33,5,5,20[q],5,115.33 (127.33),1906-10-30
239,Walt Faulkner,United States,"1950–1951, 1953–1955",0,6[b],5,1,0,0,0,1,1918-02-06
240,William Ferguson,South Africa,1972,0,1,0,0,0,0,0,0,1940-03-06
241,Maria Teresa de Filippis,Italy,1958–1959,0,5,3,0,0,0,0,0,1926-11-11
242,Ralph Firman,Ireland,2003,0,15,14,0,0,0,0,1,1975-05-20
243,Ludwig Fischer,West Germany,1952,0,1,0,0,0,0,0,0,1915-12-17
244,Rudi Fischer,Switzerland,1951–1952,0,8,7,0,0,2,0,10,1912-04-19
245,Mike Fisher,United States,1967,0,2,1,0,0,0,0,0,1943-03-13
246,Giancarlo Fisichella,Italy,1996–2009,0,231,229,4,3,19,2,275,1973-01-14
247,John Fitch,United States,"1953, 1955",0,2,2,0,0,0,0,0,1917-08-04
248,Christian Fittipaldi,Brazil,1992–1994,0,43,40,0,0,0,0,12,1971-01-18
249,Emerson Fittipaldi^,Brazil,1970–1980,"21972, 1974",149,144,6,14,35,6,281,1946-12-12
250,Pietro Fittipaldi,Brazil,2020,0,2,2,0,0,0,0,0,1996-06-25
251,Wilson Fittipaldi,Brazil,"1972–1973, 1975",0,38,35,0,0,0,0,3,1943-12-25
252,Theo Fitzau,East Germany,1953,0,1,1,0,0,0,0,0,1923-02-10
253,Pat Flaherty,United States,"1950, 1953–1956, 1959",0,6[b],6,1,1,1,0,8,1926-01-06
254,Jan Flinterman,Netherlands,1952,0,1,1,0,0,0,0,0,1919-10-02
255,Ron Flockhart,United Kingdom,"1954, 1956–1960",0,14,14,0,0,1,0,5,1923-06-16
256,Myron Fohr,United States,1950,0,1[b],1,0,0,0,0,0,1912-06-17
257,Gregor Foitek,Switzerland,1989–1990,0,22,7,0,0,0,0,0,1965-03-27
258,George Follmer,United States,1973,0,13,12,0,0,1,0,5,1934-01-27
259,George Fonder,United States,"1952, 1954",0,5[b],2,0,0,0,0,0,1917-06-22
260,Norberto Fontana,Argentina,1997,0,4,4,0,0,0,0,0,1975-01-20
261,Asdrúbal Fontes Bayardo,Uruguay,1959,0,1,0,0,0,0,0,0,1922-12-26
262,Carl Forberg,United States,1951,0,3[b],1,0,0,0,0,0,1911-03-04
263,Gene Force,United States,"1951, 1960",0,5[b],2,0,0,0,0,0,1916-06-15
264,Franco Forini,Switzerland,1987,0,3,2,0,0,0,0,0,1958-09-22
265,Philip Fotheringham-Parker,United Kingdom,1951,0,1,1,0,0,0,0,0,1907-09-22
266,A. J. Foyt,United States,1958–1960,0,3[b],3,0,0,0,0,0,1935-01-16
267,Giorgio Francia,Italy,"1977, 1981",0,2,0,0,0,0,0,0,1947-11-08
268,Don Freeland,United States,1953–1960,0,8[b],8,0,0,1,0,4,1925-03-25
269,Heinz-Harald Frentzen,Germany,1994–2003,0,160,156,2,3,18,6,174,1967-05-18
270,Paul Frère,Belgium,1952–1956,0,11,11,0,0,1,0,11,1917-01-30
271,Patrick Friesacher,Austria,2005,0,11,11,0,0,0,0,3,1980-09-26
272,Joe Fry,United Kingdom,1950,0,1,1,0,0,0,0,0,1915-10-26
273,Hiroshi Fushida,Japan,1975,0,2,0,0,0,0,0,0,1946-03-10
274,Beppe Gabbiani,Italy,"1978, 1981",0,17,3,0,0,0,0,0,1957-01-02
275,Bertrand Gachot,Belgium France,"1989–1992, 1994–1995",0,84,47,0,0,0,1,5,1962-12-23
276,Patrick Gaillard,France,1979,0,5,2,0,0,0,0,0,1952-02-12
277,Divina Galica,United Kingdom,"1976, 1978",0,3,0,0,0,0,0,0,1944-08-13
278,Nanni Galli,Italy,1970–1973,0,20,17,0,0,0,0,0,1940-10-02
279,Oscar Alfredo Gálvez,Argentina,1953,0,1,1,0,0,0,0,2,1913-08-17
280,Fred Gamble,United States,1960,0,1,1,0,0,0,0,0,1932-03-17
281,Howden Ganley,New Zealand,1971–1974,0,41,35,0,0,0,0,10,1941-12-24
282,Giedo van der Garde,Netherlands,2013,0,19,19,0,0,0,0,0,1985-04-25
283,Frank Gardner,Australia,"1964–1965, 1968",0,9,8,0,0,0,0,0,1931-10-01
284,Billy Garrett,United States,"1956, 1958",0,3[b],2,0,0,0,0,0,1933-04-24
285,Jo Gartner,Austria,1984,0,8,8,0,0,0,0,0,1954-01-24
286,Pierre Gasly*,France,2017–2023,0,130,130,0,1,4,3,394,1996-02-07
287,Tony Gaze,Australia,1952,0,4,3,0,0,0,0,0,1920-02-03
288,Geki,Italy,1964–1966,0,3,2,0,0,0,0,0,1937-10-23
289,Olivier Gendebien,Belgium,"1956, 1958–1961",0,15,14,0,0,2,0,18,1924-01-12
290,Marc Gené,Spain,"1999–2000, 2003–2004",0,36,36,0,0,0,0,5,1974-03-29
291,Elmer George,United States,1957,0,3[b],1,0,0,0,0,0,1928-07-05
292,Bob Gerard,United Kingdom,"1950–1951, 1953–1954, 1956–1957",0,8,8,0,0,0,0,0,1914-01-19
293,Gerino Gerini,Italy,"1956, 1958",0,7,6,0,0,0,0,1.5,1928-08-10
294,Peter Gethin,United Kingdom,1970–1974,0,31,30,0,1,1,0,11,1940-02-21
295,Piercarlo Ghinzani,Italy,"1981, 1983–1989",0,111,74,0,0,0,0,2,1952-01-16
296,Bruno Giacomelli,Italy,"1977–1983, 1990",0,82,69,1,0,1,0,14,1952-09-10
297,Dick Gibson,United Kingdom,1957–1958,0,2,2,0,0,0,0,0,1918-04-16
298,Gimax,Italy,1978,0,1,0,0,0,0,0,0,1938-01-01
299,Richie Ginther,United States,1960–1967,0,54,52,0,1,14,3,102 (107),1930-08-05
300,Antonio Giovinazzi,Italy,"2017, 2019–2021",0,62,62,0,0,0,0,21,1993-12-14
301,Yves Giraud-Cabantous,France,1950–1953,0,13,13,0,0,0,0,5,1904-10-08
302,Ignazio Giunti,Italy,1970,0,4,4,0,0,0,0,3,1941-08-30
303,Timo Glock,Germany,"2004, 2008–2012",0,95,91,0,0,3,1,51,1982-03-18
304,Helm Glöckler,West Germany,1953,0,1,0,0,0,0,0,0,1909-01-13
305,Paco Godia,Spain,"1951, 1954, 1956–1958",0,14,13,0,0,0,0,6,1921-03-21
306,Carel Godin de Beaufort,Netherlands,1957–1964,0,31,28,0,0,0,0,4,1934-04-10
307,Christian Goethals,Belgium,1958,0,1,1,0,0,0,0,0,1928-08-04
308,Paul Goldsmith,United States,1958–1960,0,3[b],3,0,0,1,0,6,1925-10-02
309,José Froilán González,Argentina,"1950–1957, 1960",0,26,26,3,2,15[r],6,72.14 (77.64)[d],1922-10-05
310,Óscar González,Uruguay,1956,0,1,1,0,0,0,0,0,1923-11-10
311,Aldo Gordini,France,1951,0,1,1,0,0,0,0,0,1921-05-20
312,Horace Gould,United Kingdom,"1954–1958, 1960",0,18,14,0,0,0,0,2,1921-09-20
313,Jean-Marc Gounon,France,1993–1994,0,9,9,0,0,0,0,0,1963-01-01
314,Emmanuel de Graffenried,Switzerland,"1950–1954, 1956",0,23,22,0,0,0,0,9,1914-05-18
315,Lucas di Grassi,Brazil,2010,0,19,18,0,0,0,0,0,1984-08-11
316,Cecil Green,United States,1950–1951,0,2[b],2,0,0,0,0,3,1919-09-30
317,Keith Greene,United Kingdom,1959–1962,0,6,3,0,0,0,0,0,1938-01-05
318,Masten Gregory,United States,"1957–1963, 1965",0,43,38,0,0,3,0,21,1932-02-29
319,Cliff Griffith,United States,"1951–1952, 1956",0,7[b],3,0,0,0,0,0,1916-02-06
320,Georges Grignard,France,1951,0,1,1,0,0,0,0,0,1905-07-25
321,Bobby Grim,United States,1959–1960,0,2[b],2,0,0,0,0,0,1924-09-04
322,Romain Grosjean,France,"2009, 2012–2020",0,181,179,0,0,10,1,391,1986-04-17
323,Olivier Grouillard,France,1989–1992,0,62,41,0,0,0,0,1,1958-09-02
324,Brian Gubby,United Kingdom,1965,0,1,0,0,0,0,0,0,1934-04-17
325,André Guelfi,France,1958,0,1,1,0,0,0,0,0,1919-05-06
326,Miguel Ángel Guerra,Argentina,1981,0,4,1,0,0,0,0,0,1953-08-31
327,Roberto Guerrero,Colombia,1982–1983,0,29,21,0,0,0,0,0,1958-11-16
328,Maurício Gugelmin,Brazil,1988–1992,0,80,74,0,0,1,1,10,1963-04-20
329,Dan Gurney,United States,"1959–1968, 1970",0,87,86,3,4,19,6,133,1931-04-13
330,Esteban Gutiérrez,Mexico,"2013–2014, 2016",0,59,59,0,0,0,1,6,1991-08-05
331,Hubert Hahne,West Germany,"1967–1968, 1970",0,3,2,0,0,0,0,0,1935-03-28
332,Mike Hailwood,United Kingdom,"1963–1965, 1971–1974",0,50,50,0,0,2,1,29,1940-04-02
333,Mika Häkkinen^,Finland,1991–2001,21998–1999,165,161,26,20,51,25,420,1968-09-28
334,Bruce Halford,United Kingdom,"1956–1957, 1959–1960",0,9,8,0,0,0,0,0,1931-05-18
335,Jim Hall,United States,1960–1963,0,12,11,0,0,0,0,3,1935-07-23
336,Duncan Hamilton,United Kingdom,1951–1953,0,5,5,0,0,0,0,0,1920-04-30
337,Lewis Hamilton~,United Kingdom,2007–2023,"72008, 2014–2015, 2017–2020",332,332,104,103,197,65,4639.5,1985-01-07
338,David Hampshire,United Kingdom,1950,0,2,2,0,0,0,0,0,1917-12-29
339,Sam Hanks,United States,1950–1957,0,8[b],8,0,1,4[s],0,20,1914-07-13
340,Walt Hansgen,United States,"1961, 1964",0,2,2,0,0,0,0,2,1919-10-28
341,Mike Harris,South Africa,1962,0,1,1,0,0,0,0,0,1939-05-25
342,Cuth Harrison,United Kingdom,1950,0,3,3,0,0,0,0,0,1906-07-06
343,Brian Hart,United Kingdom,1967,0,1,0,0,0,0,0,0,1936-09-07
344,Brendon Hartley,New Zealand,2017–2018,0,25,25,0,0,0,0,4,1989-11-10
345,Gene Hartley,United States,"1950, 1952–1960",0,10[b],8,0,0,0,0,0,1926-01-28
346,Rio Haryanto,Indonesia,2016,0,12,12,0,0,0,0,0,1993-01-22
347,Masahiro Hasemi,Japan,1976,0,1,1,0,0,0,0[t],0,1945-11-13
348,Naoki Hattori,Japan,1991,0,2,0,0,0,0,0,0,1966-06-13
349,Paul Hawkins,Australia,1965,0,3,3,0,0,0,0,0,1937-10-12
350,Mike Hawthorn^,United Kingdom,1952–1958,11958,47,45,4,3,18[u],6,112.64 (127.64)[d],1929-04-10
351,Boy Hayje,Netherlands,1976–1977,0,7,3,0,0,0,0,0,1949-05-03
352,Willi Heeks,West Germany,1952–1953,0,2,2,0,0,0,0,0,1922-02-13
353,Nick Heidfeld,Germany,2000–2011,0,185,183,1,0,13,2,259,1977-05-10
354,Theo Helfrich,West Germany,1952–1954,0,3,3,0,0,0,0,0,1913-05-13
355,Mack Hellings,United States,1950–1951,0,2[b],2,0,0,0,0,0,1915-09-14
356,Brian Henton,United Kingdom,"1975, 1977, 1981–1982",0,37,19,0,0,0,1,0,1946-09-19
357,Johnny Herbert,United Kingdom,1989–2000,0,165,160,0,3,7,0,98,1964-06-25
358,Al Herman,United States,"1955–1957, 1959–1960",0,8[b],5,0,0,0,0,0,1926-03-15
359,Hans Herrmann,West Germany,"1953–1955, 1957–1961",0,19,17,0,0,1,1,10,1928-02-23
360,François Hesnault,France,1984–1985,0,21,19,0,0,0,0,0,1956-12-30
361,Hans Heyer,West Germany,1977,0,1,1[v],0,0,0,0,0,1943-03-16
362,Damon Hill^,United Kingdom,1992–1999,11996,122,115,20,22,42,19,360,1960-09-17
363,Graham Hill^,United Kingdom,1958–1975,"21962, 1968",179,176,13,14,36,10,270 (289),1929-02-15
364,Phil Hill^,United States,"1958–1964, 1966",11961,52,49,6,3,16,6,94 (98),1927-04-20
365,Peter Hirt,Switzerland,1951–1953,0,5,5,0,0,0,0,0,1910-03-30
366,David Hobbs,United Kingdom,"1967–1968, 1971, 1974",0,7,7,0,0,0,0,0,1939-06-09
367,Gary Hocking,Rhodesia and Nyasaland,1962,0,1,0,0,0,0,0,0,1937-09-30
368,Ingo Hoffmann,Brazil,1976–1977,0,6,3,0,0,0,0,0,1953-02-28
369,Bill Holland,United States,"1950, 1953",0,3[b],2,0,0,1,0,6,1907-12-18
370,Jackie Holmes,United States,"1950, 1953",0,4[b],2,0,0,0,0,0,1920-09-04
371,Bill Homeier,United States,"1954–1955, 1960",0,6[b],3,0,0,0,0,1,1918-08-31
372,Kazuyoshi Hoshino,Japan,1976–1977,0,2,2,0,0,0,0,0,1947-07-01
373,Jerry Hoyt,United States,"1950, 1953–1955",0,4[b],4,1,0,0,0,0,1929-01-29
374,Nico Hülkenberg*,Germany,"2010, 2012–2020, 2022–2023",0,206,203,1,0,0,2,530,1987-08-19
375,Denny Hulme^,New Zealand,1965–1974,11967,112,112,1,8,33,9,248,1936-06-18
376,James Hunt^,United Kingdom,1973–1979,11976,93,92,14,10,23,8,179,1947-08-29
377,Jim Hurtubise,United States,1960,0,1[b],1,0,0,0,0,0,1932-12-05
378,Gus Hutchison,United States,1970,0,1,1,0,0,0,0,0,1937-04-26
379,Jacky Ickx,Belgium,1967–1979,0,120,114,13,8,25,14,181,1945-01-01
380,Yuji Ide,Japan,2006,0,4,4,0,0,0,0,0,1975-01-21
381,Jesús Iglesias,Argentina,1955,0,1,1,0,0,0,0,0,1922-02-22
382,Taki Inoue,Japan,1994–1995,0,18,18,0,0,0,0,0,1963-09-05
383,Innes Ireland,United Kingdom,1959–1966,0,53,50,0,1,4,1,47,1930-06-12
384,Eddie Irvine,United Kingdom,1993–2002,0,148,145,0,4,26,1,191,1965-11-10
385,Chris Irwin,United Kingdom,1966–1967,0,10,10,0,0,0,0,2,1942-06-27
386,Jean-Pierre Jabouille,France,"1974–1975, 1977–1981",0,55,49,6,2,2,0,21,1942-10-01
387,Jimmy Jackson,United States,"1950, 1954",0,3[b],2,0,0,0,0,0,1910-07-25
388,Joe James,United States,1951–1952,0,3[b],2,0,0,0,0,0,1925-05-23
389,John James,United Kingdom,1951,0,1,1,0,0,0,0,0,1914-05-10
390,Jean-Pierre Jarier,France,"1971, 1973–1983",0,143,135,3,0,3,3,31.5,1946-07-10
391,Max Jean[w],France,1971,0,1,1,0,0,0,0,0,1943-07-27
392,Stefan Johansson,Sweden,"1980, 1983–1991",0,103,79,0,0,12,0,88,1956-09-08
393,Eddie Johnson,United States,1952–1960,0,9[b],9,0,0,0,0,1,1919-02-10
394,Leslie Johnson,United Kingdom,1950,0,1,1,0,0,0,0,0,1912-03-22
395,Bruce Johnstone,South Africa,1962,0,1,1,0,0,0,0,0,1937-01-30
396,Alan Jones^,Australia,"1975–1981, 1983, 1985–1986",11980,117,116,6,12,24,13,199 (206),1946-11-02
397,Tom Jones,United States,1967,0,1,0,0,0,0,0,0,1943-04-26
398,Juan Jover,Spain,1951,0,1,0,0,0,0,0,0,1903-11-23
399,Oswald Karch,West Germany,1953,0,1,1,0,0,0,0,0,1917-03-06
400,Narain Karthikeyan,India,"2005, 2011–2012",0,48,46,0,0,0,0,5,1977-01-14
401,Ukyo Katayama,Japan,1992–1997,0,97,95,0,0,0,0,5,1963-05-29
402,Ken Kavanagh,Australia,1958,0,2,0,0,0,0,0,0,1923-12-12
403,Rupert Keegan,United Kingdom,"1977–1978, 1980, 1982",0,37,25,0,0,0,0,0,1955-02-26
404,Eddie Keizan,South Africa,1973–1975,0,3,3,0,0,0,0,0,1944-09-12
405,Al Keller,United States,1955–1959,0,6[b],5,0,0,0,0,0,1920-04-11
406,Joe Kelly,Ireland,1950–1951,0,2,2,0,0,0,0,0,1913-03-13
407,David Kennedy,Ireland,1980,0,7,0,0,0,0,0,0,1953-01-15
408,Loris Kessel,Switzerland,1976–1977,0,6,3,0,0,0,0,0,1950-04-01
409,Bruce Kessler,United States,1958,0,1,0,0,0,0,0,0,1936-03-23
410,Nicolas Kiesa,Denmark,2003,0,5,5,0,0,0,0,0,1978-03-03
411,Leo Kinnunen,Finland,1974,0,6,1,0,0,0,0,0,1943-08-05
412,Danny Kladis,United States,1954,0,5[b],1,0,0,0,0,0,1917-02-10
413,Hans Klenk,West Germany,1952,0,1,1,0,0,0,0,0,1919-10-28
414,Peter de Klerk,South Africa,"1963, 1965, 1969–1970",0,4,4,0,0,0,0,0,1935-03-16
415,Christian Klien,Austria,"2004–2006, 2010",0,51,49,0,0,0,0,14,1983-02-07
416,Karl Kling,West Germany,1954–1955,0,11,11,0,0,2,1,17,1910-09-16
417,Ernst Klodwig,East Germany,1952–1953,0,2,2,0,0,0,0,0,1903-05-23
418,Kamui Kobayashi,Japan,"2009–2012, 2014",0,76,75,0,0,1,1,125,1986-09-13
419,Helmuth Koinigg,Austria,1974,0,3,2,0,0,0,0,0,1948-11-03
420,Heikki Kovalainen,Finland,2007–2013,0,112,111,1,1,4,2,105,1981-10-19
421,Mikko Kozarowitzky,Finland,1977,0,2,0,0,0,0,0,0,1948-05-17
422,Willi Krakau,West Germany,1952,0,1,0,0,0,0,0,0,1911-12-04
423,Rudolf Krause,East Germany,1952–1953,0,2,2,0,0,0,0,0,1907-03-30
424,Robert Kubica,Poland,"2006–2010, 2019, 2021",0,99,99,1,1,12,1,274,1984-12-07
425,Kurt Kuhnke,West Germany,1963,0,1,0,0,0,0,0,0,1910-04-30
426,Masami Kuwashima,Japan,1976,0,1,0,0,0,0,0,0,1950-09-14
427,Daniil Kvyat,Russia,"2014–2017, 2019–2020",0,112,110,0,0,3,1,202,1994-04-26
428,Robert La Caze,Morocco[43],1958,0,1,1,0,0,0,0,0,1917-02-26
429,Jacques Laffite,France,1974–1986,0,180,176,7,6,32,7[t],228,1943-11-21
430,Franck Lagorce,France,1994,0,2,2,0,0,0,0,0,1968-09-01
431,Jan Lammers,Netherlands,"1979–1982, 1992",0,41,23,0,0,0,0,0,1956-06-02
432,Pedro Lamy,Portugal,1993–1996,0,32,32,0,0,0,0,1,1972-03-20
433,Chico Landi,Brazil,"1951–1953, 1956",0,6,6,0,0,0,0,1.5,1907-07-14
434,Hermann Lang,West Germany,1953–1954,0,2,2,0,0,0,0,2,1909-04-06
435,Claudio Langes,Italy,1990,0,14,0,0,0,0,0,0,1961-08-04
436,Nicola Larini,Italy,"1987–1992, 1994, 1997",0,75,49,0,0,1,0,7,1964-03-19
437,Oscar Larrauri,Argentina,1988–1989,0,21,8,0,0,0,0,0,1954-08-19
438,Gérard Larrousse,France,1974,0,2,1,0,0,0,0,0,1940-05-23
439,Jud Larson,United States,1958–1959,0,5[b],2,0,0,0,0,0,1923-01-21
440,Nicholas Latifi,Canada,2020–2022,0,61,61,0,0,0,0,9,1995-06-29
441,Niki Lauda^,Austria,"1971–1979, 1982–1985","31975, 1977, 1984",177,171,24,25,54,24,420.5,1949-02-22
442,Roger Laurent,Belgium,1952,0,2,2,0,0,0,0,0,1913-02-21
443,Giovanni Lavaggi,Italy,1995–1996,0,10,7,0,0,0,0,0,1958-02-18
444,Chris Lawrence,United Kingdom,1966,0,2,2,0,0,0,0,0,1933-07-27
445,Liam Lawson*,New Zealand,2023,0,5,5,0,0,0,0,2,2002-02-11
446,Charles Leclerc*,Monaco,2018–2023,0,125,123,23,5,30,7,1074,1997-10-16
447,Michel Leclère,France,1975–1976,0,8,7,0,0,0,0,0,1946-03-18
448,Neville Lederle,South Africa,"1962, 1965",0,2,1,0,0,0,0,1,1938-09-25
449,Geoff Lees,United Kingdom,"1978–1980, 1982",0,12,5,0,0,0,0,0,1951-05-01
450,Gijs van Lennep,Netherlands,"1971, 1973–1975",0,10,8,0,0,0,0,2,1942-03-16
451,Arthur Legat,Belgium,1952–1953,0,2,2,0,0,0,0,0,1898-11-01
452,JJ Lehto,Finland,1989–1994,0,70,62,0,0,1,0,10,1966-01-31
453,Lamberto Leoni,Italy,1977–1978,0,5,1,0,0,0,0,0,1953-05-24
454,Les Leston,United Kingdom,1956–1957,0,3,2,0,0,0,0,0,1920-12-16
455,Pierre Levegh,France,1950–1951,0,6,6,0,0,0,0,0,1905-12-22
456,Bayliss Levrett,United States,1950,0,3[b],1,0,0,0,0,0,1914-02-14
457,Jackie Lewis,United Kingdom,1961–1962,0,10,9,0,0,0,0,3,1936-11-01
458,Stuart Lewis-Evans,United Kingdom,1957–1958,0,14,14,2,0,2,0,16,1930-04-20
459,Guy Ligier,France,1966–1967,0,13,12,0,0,0,0,1,1930-07-12
460,Andy Linden,United States,1951–1957,0,8[b],7,0,0,0,0,5,1922-04-05
461,Roberto Lippi,Italy,1961–1963,0,3,1,0,0,0,0,0,1926-10-17
462,Vitantonio Liuzzi,Italy,"2005–2007, 2009–2011",0,81,80,0,0,0,0,26,1980-08-06
463,Dries van der Lof,Netherlands,1952,0,1,1,0,0,0,0,0,1919-08-23
464,Lella Lombardi,Italy,1974–1976,0,17,12,0,0,0,0,0.5[x],1941-03-26
465,Ricardo Londoño,Colombia,1981,0,1,0,0,0,0,0,0,1949-08-08
466,Ernst Loof,West Germany,1953,0,1,1,0,0,0,0,0,1907-07-04
467,André Lotterer,Germany,2014,0,1,1,0,0,0,0,0,1981-11-19
468,Henri Louveau,France,1950–1951,0,2,2,0,0,0,0,0,1910-01-25
469,John Love,Rhodesia,"1962–1965, 1967–1972",0,10,9,0,0,1,0,6,1924-12-07
470,Pete Lovely,United States,"1959–1960, 1969–1971",0,11,7,0,0,0,0,0,1926-04-11
471,Roger Loyer,France,1954,0,1,1,0,0,0,0,0,1907-08-05
472,Jean Lucas,France,1955,0,1,1,0,0,0,0,0,1917-04-25
473,Jean Lucienbonnet,France,1959,0,1,0,0,0,0,0,0,1923-01-07
474,Erik Lundgren,Sweden,1951,0,1,0,0,0,0,0,0,0
475,Brett Lunger,United States,1975–1978,0,43,34,0,0,0,0,0,1945-11-14
476,Mike MacDowel,United Kingdom,1957,0,1,1,0,0,0,0,0,1932-09-13
477,Herbert MacKay-Fraser,United States,1957,0,1,1,0,0,0,0,0,1922-06-23
478,Bill Mackey,United States,1951,0,1[b],1,0,0,0,0,0,1927-12-15
479,Lance Macklin,United Kingdom,1952–1955,0,15,13,0,0,0,0,0,1919-09-02
480,Damien Magee,United Kingdom,1975–1976,0,2,1,0,0,0,0,0,1945-11-17
481,Tony Maggs,South Africa,1961–1965,0,27,25,0,0,3,0,26,1937-02-09
482,Mike Magill,United States,1957–1959,0,4[b],3,0,0,0,0,0,1920-02-08
483,Umberto Maglioli,Italy,1953–1957,0,10,10,0,0,2[y],0,3.33,1928-06-05
484,Jan Magnussen,Denmark,"1995, 1997–1998",0,25,24,0,0,0,0,1,1973-07-04
485,Kevin Magnussen*,Denmark,"2014–2020, 2022–2023",0,164,163,1,0,1,2,186,1992-10-05
486,Guy Mairesse,France,1950–1951,0,3,3,0,0,0,0,0,1910-08-10
487,Willy Mairesse,Belgium,"1960–1963, 1965",0,13,12,0,0,1,0,7,1928-10-01
488,Pastor Maldonado,Venezuela,2011–2015,0,96,95,1,1,1,0,76,1985-03-09
489,Nigel Mansell^,United Kingdom,"1980–1992, 1994–1995",11992,191,187,32,31,59,30,480 (482),1953-08-08
490,Sergio Mantovani,Italy,1953–1955,0,8,7,0,0,0,0,4,1929-05-22
491,Johnny Mantz,United States,1953,0,1[b],0,0,0,0,0,0,1918-09-18
492,Robert Manzon,France,1950–1956,0,29,28,0,0,2,0,16,1917-04-12
493,Onofre Marimón,Argentina,"1951, 1953–1954",0,12,11,0,0,2,1,8.14[d],1923-12-19
494,Helmut Marko,Austria,1971–1972,0,10,10,0,0,0,0,0,1943-04-27
495,Tarso Marques,Brazil,"1996–1997, 2001",0,26,24,0,0,0,0,0,1976-01-19
496,Leslie Marr,United Kingdom,1954–1955,0,2,2,0,0,0,0,0,1922-08-14
497,Tony Marsh,United Kingdom,"1957–1958, 1961",0,5,4,0,0,0,0,0,1931-07-20
498,Eugène Martin,France,1950,0,2,2,0,0,0,0,0,1915-03-24
499,Pierluigi Martini,Italy,"1984–1985, 1988–1995",0,124,118,0,0,0,0,18,1961-04-23
500,Jochen Mass,West Germany,"1973–1980, 1982",0,114,105,0,1,8,2,71,1946-09-30
501,Felipe Massa,Brazil,"2002, 2004–2017",0,272,269,16,11,41,15,1167,1981-04-25
502,Cristiano da Matta,Brazil,2003–2004,0,28,28,0,0,0,0,13,1973-09-19
503,Michael May,Switzerland,1961,0,3,2,0,0,0,0,0,1934-08-18
504,Timmy Mayer,United States,1962,0,1,1,0,0,0,0,0,1938-02-22
505,Nikita Mazepin,RAF[z],2021,0,22,21,0,0,0,0,0,1999-03-02
506,François Mazet,France,1971,0,1,1,0,0,0,0,0,1943-02-24
507,Gastón Mazzacane,Argentina,2000–2001,0,21,21,0,0,0,0,0,1975-05-08
508,Kenneth McAlpine,United Kingdom,"1952–1953, 1955",0,7,7,0,0,0,0,0,1920-09-21
509,Perry McCarthy,United Kingdom,1992,0,11,0,0,0,0,0,0,1961-03-03
510,Ernie McCoy,United States,1953–1954,0,3[b],1,0,0,0,0,0,1921-02-19
511,Johnny McDowell,United States,1950–1952,0,3[b],3,0,0,0,0,0,1915-01-29
512,Jack McGrath,United States,1950–1955,0,6[b],6,1,0,2[aa],1,9,1919-10-08
513,Brian McGuire,Australia,1977,0,2,0,0,0,0,0,0,1945-12-13
514,Bruce McLaren,New Zealand,1958–1970,0,104,100,0,4,27,3,188.5 (196.5),1937-08-30
515,Allan McNish,United Kingdom,2002,0,17,16,0,0,0,0,0,1969-12-29
516,Graham McRae,New Zealand,1973,0,1,1,0,0,0,0,0,1940-03-05
517,Jim McWithey,United States,1959–1960,0,5[b],2,0,0,0,0,0,1927-07-04
518,Carlos Menditeguy,Argentina,"1953–1958, 1960",0,11,10,0,0,1,0,9,1914-08-10
519,Roberto Merhi,Spain,2015,0,14,13,0,0,0,0,0,1991-03-22
520,Harry Merkel,West Germany,1952,0,1,0,0,0,0,0,0,1918-01-10
521,Arturo Merzario,Italy,1972–1979,0,85,57,0,0,0,0,11,1943-03-11
522,Roberto Mieres,Argentina,1953–1955,0,17,17,0,0,0,1,13,1924-12-03
523,François Migault,France,"1972, 1974–1975",0,16,13,0,0,0,0,0,1944-12-04
524,John Miles,United Kingdom,1969–1970,0,15,12,0,0,0,0,2,1943-06-14
525,André Milhoux,Belgium,1956,0,1,1,0,0,0,0,0,1928-12-09
526,Chet Miller,United States,1951–1952,0,4[b],2,0,0,0,0,0,1902-07-19
527,Gerhard Mitter,West Germany,1963–1965,0,7,5,0,0,0,0,3,1935-08-30
528,Stefano Modena,Italy,1987–1992,0,81,70,0,0,2,0,17,1963-05-12
529,Thomas Monarch,United States,1963,0,1,0,0,0,0,0,0,0
530,Franck Montagny,France,2006,0,7,7,0,0,0,0,0,1978-01-05
531,Tiago Monteiro,Portugal,2005–2006,0,37,37,0,0,1,0,7,1976-07-24
532,Andrea Montermini,Italy,1994–1996,0,29,19,0,0,0,0,0,1964-05-30
533,Peter Monteverdi,Switzerland,1961,0,1,0,0,0,0,0,0,1934-06-07
534,Robin Montgomerie-Charrington,United Kingdom,1952,0,1,1,0,0,0,0,0,1915-06-23
535,Juan Pablo Montoya,Colombia,2001–2006,0,95,94,13,7,30,12,307,1975-09-20
536,Gianni Morbidelli,Italy,"1990–1992, 1994–1995, 1997",0,70,67,0,0,1,0,8.5,1968-01-13
537,Roberto Moreno,Brazil,"1982, 1987, 1989–1992, 1995",0,77,41,0,0,1,1,15,1959-02-11
538,Dave Morgan,United Kingdom,1975,0,1,1,0,0,0,0,0,1944-08-07
539,Silvio Moser,Switzerland,1967–1971,0,20,12,0,0,0,0,3,1941-04-24
540,Bill Moss,United Kingdom,1959,0,1,0,0,0,0,0,0,1933-09-04
541,Stirling Moss,United Kingdom,1951–1961,0,67,66,16,16[ab],24[ac],19,185.64 (186.64)[d],1929-09-17
542,Gino Munaron,Italy,1960,0,4,4,0,0,0,0,0,1928-04-02
543,David Murray,United Kingdom,1950–1952,0,5,4,0,0,0,0,0,1909-12-28
544,Luigi Musso,Italy,1953–1958,0,25,24,0,1[ad],7,1,44,1924-07-28
545,Kazuki Nakajima,Japan,2007–2009,0,36,36,0,0,0,0,9,1985-01-11
546,Satoru Nakajima,Japan,1987–1991,0,80,74,0,0,0,1,16,1953-02-23
547,Shinji Nakano,Japan,1997–1998,0,33,33,0,0,0,0,2,1971-04-01
548,Duke Nalon,United States,1951–1953,0,5[b],3,1,0,0,0,0,1913-03-02
549,Alessandro Nannini,Italy,1986–1990,0,78,76,0,1,9,2,65,1959-07-07
550,Emanuele Naspetti,Italy,1992–1993,0,6,6,0,0,0,0,0,1968-02-24
551,Felipe Nasr,Brazil,2015–2016,0,40,39,0,0,0,0,29,1992-08-21
552,Massimo Natili,Italy,1961,0,2,1,0,0,0,0,0,1935-07-28
553,Brian Naylor,United Kingdom,1957–1961,0,8,7,0,0,0,0,0,1923-03-24
554,Mike Nazaruk,United States,"1951, 1953–1954",0,4[b],3,0,0,1,0,8,1921-10-02
555,Tiff Needell,United Kingdom,1980,0,2,1,0,0,0,0,0,1951-10-29
556,Jac Nellemann,Denmark,1976,0,1,0,0,0,0,0,0,1944-04-19
557,Patrick Nève,Belgium,1976–1978,0,14,10,0,0,0,0,0,1949-10-13
558,John Nicholson,New Zealand,1974–1975,0,2,1,0,0,0,0,0,1941-10-06
559,Cal Niday,United States,1953–1955,0,3[b],3,0,0,0,0,0,1914-04-29
560,Helmut Niedermayr,West Germany,1952,0,1,1,0,0,0,0,0,1915-11-29
561,Brausch Niemann,South Africa,"1963, 1965",0,2,1,0,0,0,0,0,1939-01-07
562,Gunnar Nilsson,Sweden,1976–1977,0,32,31,0,1,4,1,31,1948-11-20
563,Hideki Noda,Japan,1994,0,3,3,0,0,0,0,0,1969-03-07
564,Lando Norris*,United Kingdom,2019–2023,0,104,104,1,0,13,6,633,1999-11-13
565,Rodney Nuckey,United Kingdom,1953,0,2,1,0,0,0,0,0,1929-06-26
566,Robert O'Brien,United States,1952,0,1,1,0,0,0,0,0,1908-04-11
567,Esteban Ocon*,France,"2016–2018, 2020–2023",0,133,133,0,1,3,0,422,1996-09-17
568,Pat O'Connor,United States,1954–1958,0,6[b],5,1,0,0,0,0,1928-10-09
569,Casimiro de Oliveira,Portugal,1958,0,1,0,0,0,0,0,0,1907-09-08
570,Jackie Oliver,United Kingdom,"1968–1973, 1977",0,52,50,0,0,2,1,13,1942-08-14
571,Danny Ongais,United States,1977–1978,0,6,4,0,0,0,0,0,1942-05-21
572,Rikky von Opel,Liechtenstein,1973–1974,0,14,10,0,0,0,0,0,1947-10-14
573,Karl Oppitzhauser,Austria,1976,0,1[ae],0,0,0,0,0,0,1941-10-04
574,Fritz d'Orey,Brazil,1959,0,3,3,0,0,0,0,0,1938-03-25
575,Arthur Owen,United Kingdom,1960,0,1,1,0,0,0,0,0,1915-03-23
576,Carlos Pace,Brazil,1972–1977,0,73,72,1,1,6,5,58,1944-10-06
577,Nello Pagani,Italy,1950,0,1,1,0,0,0,0,0,1911-10-11
578,Riccardo Paletti,Italy,1982,0,8,2,0,0,0,0,0,1958-06-15
579,Torsten Palm,Sweden,1975,0,2,1,0,0,0,0,0,1947-07-23
580,Jolyon Palmer,United Kingdom,2016–2017,0,37,35,0,0,0,0,9,1991-01-20
581,Jonathan Palmer,United Kingdom,1983–1989,0,88,83,0,0,0,1,14,1956-11-07
582,Olivier Panis,France,"1994–1999, 2001–2004",0,158,157,0,1,5,0,76,1966-09-02
583,Giorgio Pantano,Italy,2004,0,15,14,0,0,0,0,0,1979-02-04
584,Massimiliano Papis,Italy,1995,0,7,7,0,0,0,0,0,1969-10-03
585,Mike Parkes,United Kingdom,"1959, 1966–1967",0,7,6,1,0,2,0,14,1931-09-24
586,Reg Parnell,United Kingdom,"1950–1952, 1954",0,7,6,0,0,1,0,9,1911-07-02
587,Tim Parnell,United Kingdom,"1959, 1961, 1963",0,4,2,0,0,0,0,0,1932-06-25
588,Johnnie Parsons,United States,1950–1958,0,9[b],9,0,1,1,1,12,1918-07-04
589,Riccardo Patrese,Italy,1977–1993,0,257,256,8,6,37,13,281,1954-04-17
590,Al Pease,Canada,1967–1969,0,3,2,0,0,0,0,0,1921-10-15
591,Roger Penske,United States,1961–1962,0,2,2,0,0,0,0,0,1937-02-20
592,Cesare Perdisa,Italy,1955–1957,0,8,8,0,0,2[af],0,5,1932-10-21
593,Sergio Pérez*,Mexico,2011–2023,0,261,257,3,6,35,11,1486,1990-01-26
594,Luis Pérez-Sala,Spain,1988–1989,0,32,26,0,0,0,0,1,1959-05-15
595,Larry Perkins,Australia,"1974, 1976–1977",0,15,11,0,0,0,0,0,1950-03-18
596,Henri Pescarolo,France,"1968, 1970–1974, 1976",0,64,57,0,0,1,1,12,1942-09-25
597,Alessandro Pesenti-Rossi,Italy,1976,0,4,3,0,0,0,0,0,1942-08-31
598,Josef Peters,West Germany,1952,0,1,1,0,0,0,0,0,1914-09-16
599,Ronnie Peterson,Sweden,1970–1978,0,123,123,14,10,26,9,206,1944-02-14
600,Vitaly Petrov,Russia,2010–2012,0,58,57,0,0,1,1,64,1984-09-08
601,Alfredo Pián,Argentina,1950,0,1,0,0,0,0,0,0,1912-10-21
602,Oscar Piastri*,Australia,2023,0,22,22,0,0,2,2,97,2001-04-06
603,Charles Pic,France,2012–2013,0,39,39,0,0,0,0,0,1990-02-15
604,François Picard,France,1958,0,1,1,0,0,0,0,0,1921-04-26
605,Ernie Pieterse,South Africa,"1962–1963, 1965",0,3,2,0,0,0,0,0,1938-07-04
606,Paul Pietsch,West Germany,1950–1952,0,3,3,0,0,0,0,0,1911-06-20
607,André Pilette,Belgium,"1951, 1953–1954, 1956, 1961, 1963–1964",0,14,9,0,0,0,0,2,1918-10-06
608,Teddy Pilette,Belgium,"1974, 1977",0,4,1,0,0,0,0,0,1942-07-26
609,Luigi Piotti,Italy,1955–1958,0,8,5,0,0,0,0,0,1913-10-27
610,David Piper,United Kingdom,1959–1960,0,3,2,0,0,0,0,0,1930-12-02
611,Nelson Piquet^,Brazil,1978–1991,"31981, 1983, 1987",207,204,24,23,60,23,481.5 (485.5),1952-08-17
612,Nelson Piquet Jr.,Brazil,2008–2009,0,28,28,0,0,1,0,19,1985-07-25
613,Renato Pirocchi,Italy,1961,0,1,1,0,0,0,0,0,1933-03-26
614,Didier Pironi,France,1978–1982,0,72,70,4,3,13,5,101,1952-03-26
615,Emanuele Pirro,Italy,1989–1991,0,40,37,0,0,0,0,3,1962-01-12
616,Antônio Pizzonia,Brazil,2003–2005,0,20,20,0,0,0,0,8,1980-09-11
617,Eric van de Poele,Belgium,1991–1992,0,29,5,0,0,0,0,0,1961-09-30
618,Jacques Pollet,France,1954–1955,0,5,5,0,0,0,0,0,1922-07-02
619,Ben Pon,Netherlands,1962,0,1,1,0,0,0,0,0,1936-12-09
620,Dennis Poore,United Kingdom,1952,0,2,2,0,0,0,0,3,1916-08-19
621,Alfonso de Portago,Spain,1956–1957,0,5,5,0,0,1,0,4,1928-10-11
622,Sam Posey,United States,1971–1972,0,2,2,0,0,0,0,0,1944-05-26
623,Charles Pozzi,France,1950,0,1,1,0,0,0,0,0,1909-08-27
624,Jackie Pretorius,South Africa,"1965, 1968, 1971, 1973",0,4,3,0,0,0,0,0,1934-11-22
625,Ernesto Prinoth,Italy,1962,0,1,0,0,0,0,0,0,1923-04-15
626,David Prophet,United Kingdom,"1963, 1965",0,2,2,0,0,0,0,0,1937-10-09
627,Alain Prost^,France,"1980–1991, 1993","41985–1986, 1989, 1993",202,199,33,51,106,41,768.5 (798.5),1955-02-24
628,Tom Pryce,United Kingdom,1974–1977,0,42,42,1,0,2,0,19,1949-06-11
629,David Purley,United Kingdom,"1973–1974, 1977",0,11,7,0,0,0,0,0,1945-01-26
630,Clive Puzey,Rhodesia,1965,0,1,0,0,0,0,0,0,1941-07-11
631,Dieter Quester,Austria,"1969, 1974",0,2,1,0,0,0,0,0,1939-05-30
632,Ian Raby,United Kingdom,1963–1965,0,7,3,0,0,0,0,0,1921-09-22
633,Bobby Rahal,United States,1978,0,2,2,0,0,0,0,0,1953-01-10
634,Kimi Räikkönen^,Finland,"2001–2009, 2012–2021",12007,353,349,18,21,103,46,1873,1979-10-17
635,Hermano da Silva Ramos,Brazil,1955–1956,0,7,7,0,0,0,0,2,1925-12-07
636,Pierre-Henri Raphanel,France,1988–1989,0,17,1,0,0,0,0,0,1961-05-27
637,Dick Rathmann,United States,"1950, 1956, 1958–1960",0,6[b],5,1,0,0,0,2,1926-01-06
638,Jim Rathmann,United States,"1950, 1952–1960",0,10[b],10,0,1,4,2,29,1928-07-16
639,Roland Ratzenberger,Austria,1994,0,3,1,0,0,0,0,0,1960-07-04
640,Héctor Rebaque,Mexico,1977–1981,0,58,41,0,0,0,0,13,1956-02-05
641,Brian Redman,United Kingdom,"1968, 1970–1974",0,15,12,0,0,1,0,8,1937-03-09
642,Jimmy Reece,United States,"1952, 1954–1958",0,6[b],6,0,0,0,0,0,1929-11-17
643,Ray Reed,Rhodesia,1965,0,1,0,0,0,0,0,0,1932-04-30
644,Alan Rees,United Kingdom,1967,0,1,1,0,0,0,0,0,1938-01-12
645,Clay Regazzoni,Switzerland,1970–1980,0,139,132,5,5,28,15,209 (212),1939-09-05
646,Paul di Resta,United Kingdom,"2011–2013, 2017",0,59,59,0,0,0,0,121,1986-04-16
647,Carlos Reutemann,Argentina,1972–1982,0,146,146,6,12,45,6,298 (310),1942-04-12
648,Lance Reventlow,United States,1960,0,4,1,0,0,0,0,0,1936-02-24
649,Peter Revson,United States,"1964, 1971–1974",0,32,30,1,2,8,0,61,1939-02-27
650,John Rhodes,United Kingdom,1965,0,1,1,0,0,0,0,0,1927-08-18
651,Alex Ribeiro,Brazil,"1976–1977, 1979",0,20,10,0,0,0,0,0,1948-11-07
652,Daniel Ricciardo*,Australia,2011–2023,0,240,239,3,8,32,16,1317,1989-07-01
653,Ken Richardson,United Kingdom,1951,0,1[ag],0,0,0,0,0,0,1911-08-21
654,Fritz Riess,West Germany,1952,0,1,1,0,0,0,0,0,1922-07-11
655,Jim Rigsby,United States,1952,0,2[b],1,0,0,0,0,0,1923-06-06
656,Jochen Rindt^,Austria,1964–1970,11970,62,60,10,6,13,3,107 (109),1942-04-18
657,John Riseley-Prichard,United Kingdom,1954,0,1,1,0,0,0,0,0,1924-01-17
658,Giovanni de Riu,Italy,1954,0,1,0,0,0,0,0,0,1925-03-10
659,Richard Robarts,United Kingdom,1974,0,4,3,0,0,0,0,0,1944-09-22
660,Pedro Rodríguez,Mexico,1963–1971,0,54,54,0,2,7,1,71,1940-01-18
661,Ricardo Rodríguez,Mexico,1961–1962,0,6,5,0,0,0,0,4,1942-02-14
662,Alberto Rodriguez Larreta,Argentina,1960,0,1,1,0,0,0,0,0,1934-01-14
663,Franco Rol,Italy,1950–1952,0,5,5,0,0,0,0,0,1908-06-05
664,Alan Rollinson,United Kingdom,1965,0,1,0,0,0,0,0,0,1943-05-15
665,Tony Rolt,United Kingdom,"1950, 1953, 1955",0,3,3,0,0,0,0,0,1918-10-16
666,Bertil Roos,Sweden,1974,0,1,1,0,0,0,0,0,1943-10-12
667,Pedro de la Rosa,Spain,"1999–2002, 2005–2006, 2010–2012",0,107,104,0,0,1,1,35,1971-02-24
668,Keke Rosberg^,Finland,1978–1986,11982,128,114,5,5,17,3,159.5,1948-12-06
669,Nico Rosberg^,Germany,2006–2016,12016,206,206,30,23,57,20,1594.5,1985-06-27
670,Mauri Rose,United States,1950–1951,0,2[b],2,0,0,1,0,4,1906-05-26
671,Louis Rosier,France,1950–1956,0,38,38,0,0,2,0,18,1905-11-05
672,Ricardo Rosset,Brazil,1996–1998,0,33,26,0,0,0,0,0,1968-07-27
673,Alexander Rossi,United States,2015,0,7,5,0,0,0,0,0,1991-09-25
674,Huub Rothengatter,Netherlands,1984–1986,0,30,25,0,0,0,0,0,1954-10-08
675,Basil van Rooyen,South Africa,1968–1969,0,2,2,0,0,0,0,0,1939-04-19
676,Lloyd Ruby,United States,1960–1961,0,2,2,0,0,0,0,0,1928-01-12
677,Jean-Claude Rudaz,Switzerland,1964,0,1,0,0,0,0,0,0,1942-07-23
678,George Russell*,United Kingdom,2019–2023,0,104,104,1,1,11,6,469,1998-02-15
679,Eddie Russo,United States,"1955–1957, 1960",0,7[b],4,0,0,0,0,0,1923-11-19
680,Paul Russo,United States,1950–1960,0,11[b],8,0,0,1[ah],1,8.5,1914-04-14
681,Troy Ruttman,United States,"1950–1958, 1960",0,12,8,0,1,1,0,9.5,1930-03-11
682,Peter Ryan,Canada,1961,0,1,1,0,0,0,0,0,1940-06-10
683,Eddie Sachs,United States,1957–1960,0,7[b],4,1,0,0,0,0,1927-05-28
684,Bob Said,United States,1959,0,1,1,0,0,0,0,0,1932-05-05
685,Carlos Sainz Jr.*,Spain,2015–2023,0,185,183,5,2,18,3,982.5,1994-09-01
686,Eliseo Salazar,Chile,1981–1983,0,37,24,0,0,0,0,3,1954-11-14
687,Mika Salo,Finland,"1994–2000, 2002",0,111,109,0,0,2,0,33,1966-11-30
688,Roy Salvadori,United Kingdom,1952–1962,0,50,47,0,0,2,0,19,1922-05-12
689,Consalvo Sanesi,Italy,1950–1951,0,5,5,0,0,0,0,3,1911-03-28
690,Stéphane Sarrazin,France,1999,0,1,1,0,0,0,0,0,1975-11-02
691,Logan Sargeant*,United States,2023,0,22,22,0,0,0,0,1,2000-12-31
692,Takuma Sato,Japan,2002–2008,0,92,90,0,0,1,0,44,1977-01-28
693,Carl Scarborough,United States,"1951, 1953",0,2[b],2,0,0,0,0,0,1914-07-03
694,Ludovico Scarfiotti,Italy,1963–1968,0,12,10,0,1,1,1,17,1933-10-18
695,Giorgio Scarlatti,Italy,1956–1961,0,15,12,0,0,0,0,1,1921-10-02
696,Ian Scheckter,South Africa,1974–1977,0,20,18,0,0,0,0,0,1947-08-22
697,Jody Scheckter^,South Africa,1972–1980,11979,113,112,3,10,33,5,246 (255),1950-01-29
698,Harry Schell,United States,1950–1960,0,57,56,0,0,2,0,32,1921-06-29
699,Tim Schenken,Australia,1970–1974,0,36,34,0,0,1,0,7,1943-09-26
700,Albert Scherrer,Switzerland,1953,0,1,1,0,0,0,0,0,1908-02-28
701,Domenico Schiattarella,Italy,1994–1995,0,7,6,0,0,0,0,0,1967-11-17
702,Heinz Schiller,Switzerland,1962,0,1,1,0,0,0,0,0,1930-01-25
703,Bill Schindler,United States,1950–1952,0,3[b],3,0,0,0,0,0,1909-03-06
704,Jean-Louis Schlesser,France,"1983, 1988",0,2,1,0,0,0,0,0,1948-09-12
705,Jo Schlesser,France,1968,0,3,3,0,0,0,0,0,1928-05-18
706,Bernd Schneider,West Germany,1988–1990,0,34,9,0,0,0,0,0,1964-07-20
707,Rudolf Schoeller,Switzerland,1952,0,1,1,0,0,0,0,0,1902-04-27
708,Rob Schroeder,United States,1962,0,1,1,0,0,0,0,0,1926-05-11
709,Michael Schumacher^,Germany,"1991–2006, 2010–2012","71994–1995, 2000–2004",308,306,68,91,155,77,1566[ai],1969-01-03
710,Mick Schumacher,Germany,2021–2022,0,44,43,0,0,0,0,12,1999-03-22
711,Ralf Schumacher,Germany,1997–2007,0,181,180,6,6,27,8,329,1975-06-30
712,Vern Schuppan,Australia,"1972, 1974–1975, 1977",0,13,9,0,0,0,0,0,1943-03-19
713,Adolfo Schwelm Cruz,Argentina,1953,0,1,1,0,0,0,0,0,1923-06-28
714,Bob Scott,United States,1952–1954,0,3[b],3,0,0,0,0,0,1928-10-04
715,Archie Scott Brown,United Kingdom,1956,0,1,1,0,0,0,0,0,1927-05-13
716,Piero Scotti,Italy,1956,0,1,1,0,0,0,0,0,1909-11-11
717,Wolfgang Seidel,West Germany,"1953, 1958, 1960–1962",0,12,10,0,0,0,0,0,1926-07-04
718,Günther Seiffert,West Germany,1962,0,1,0,0,0,0,0,0,1937-10-18
719,Ayrton Senna^,Brazil,1984–1994,"31988, 1990–1991",162,161,65,41,80,19,610 (614),1960-03-21
720,Bruno Senna,Brazil,2010–2012,0,46,46,0,0,0,1,33,1983-10-15
721,Dorino Serafini,Italy,1950,0,1,1,0,0,1[aj],0,3,1909-07-22
722,Chico Serra,Brazil,1981–1983,0,33,18,0,0,0,0,1,1957-02-03
723,Doug Serrurier,South Africa,"1962–1963, 1965",0,3,2,0,0,0,0,0,1920-12-09
724,Johnny Servoz-Gavin,France,1967–1970,0,13,12,0,0,1,0,9,1942-01-18
725,Tony Settember,United States,1962–1963,0,7,6,0,0,0,0,0,1926-07-10
726,Hap Sharp,United States,1961–1964,0,6,6,0,0,0,0,0,1928-01-01
727,Brian Shawe-Taylor,United Kingdom,1950–1951,0,3,2,0,0,0,0,0,1915-01-28
728,Carroll Shelby,United States,1958–1959,0,8,8,0,0,0,0,0,1923-01-11
729,Tony Shelly,New Zealand,1962,0,3,1,0,0,0,0,0,1937-02-02
730,Jo Siffert,Switzerland,1962–1971,0,100,96,2,2,6,4,68,1936-07-07
731,André Simon,France,"1951–1952, 1955–1957",0,12,11,0,0,0,0,0,1920-01-05
732,Sergey Sirotkin,Russia,2018,0,21,21,0,0,0,0,1,1995-08-27
733,Rob Slotemaker,Netherlands,1962,0,1,0,0,0,0,0,0,1929-06-13
734,Moisés Solana,Mexico,1963–1968,0,8,8,0,0,0,0,0,1935-12-26
735,Alex Soler-Roig,Spain,1970–1972,0,10,6,0,0,0,0,0,1932-10-29
736,Raymond Sommer,France,1950,0,5,5,0,0,0,0,3,1906-08-31
737,Vincenzo Sospiri,Italy,1997,0,1,0,0,0,0,0,0,1966-10-09
738,Stephen South,United Kingdom,1980,0,1,0,0,0,0,0,0,1952-02-19
739,Mike Sparken,France,1955,0,1,1,0,0,0,0,0,1930-06-16
740,Scott Speed,United States,2006–2007,0,28,28,0,0,0,0,0,1983-01-24
741,Mike Spence,United Kingdom,1963–1968,0,37,36,0,0,1,0,27,1936-12-30
742,Alan Stacey,United Kingdom,1958–1960,0,7,7,0,0,0,0,0,1933-08-29
743,Gaetano Starrabba,Italy,1961,0,1,1,0,0,0,0,0,1932-12-03
744,Will Stevens,United Kingdom,2014–2015,0,20,18,0,0,0,0,0,1991-06-28
745,Chuck Stevenson,United States,"1951–1954, 1960",0,5[b],5,0,0,0,0,0,1919-10-15
746,Ian Stewart,United Kingdom,1953,0,1,1,0,0,0,0,0,1929-07-15
747,Jackie Stewart^,United Kingdom,1965–1973,"31969, 1971, 1973",100,99,17,27,43,15,359 (360),1939-06-11
748,Jimmy Stewart,United Kingdom,1953,0,1,1,0,0,0,0,0,1931-03-06
749,Siegfried Stohr,Italy,1981,0,13,9,0,0,0,0,0,1952-10-10
750,Rolf Stommelen,West Germany,"1970–1976, 1978",0,63,54,0,0,1,0,14,1943-07-11
751,Philippe Streiff,France,1984–1988,0,54,53,0,0,1,0,11,1955-06-26
752,Lance Stroll*,Canada,2017–2023,0,145,143,1,0,3,0,268,1998-10-29
753,Hans Stuck,West Germany,1951–1953,0,5,3,0,0,0,0,0,1900-12-27
754,Hans-Joachim Stuck,West Germany,1974–1979,0,81,74,0,0,2,0,29,1951-01-01
755,Otto Stuppacher,Austria,1976,0,3,0,0,0,0,0,0,1947-03-03
756,Danny Sullivan,United States,1983,0,15,15,0,0,0,0,2,1950-03-09
757,Marc Surer,Switzerland,1979–1986,0,88,82,0,0,0,1,17,1951-09-18
758,John Surtees^,United Kingdom,1960–1972,11964,113,111,8,6,24,10,180,1934-02-11
759,Andy Sutcliffe,United Kingdom,1977,0,1,0,0,0,0,0,0,1947-05-09
760,Adrian Sutil,Germany,"2007–2011, 2013–2014",0,128,128,0,0,0,1,124,1983-01-11
761,Len Sutton,United States,1958–1960,0,4[b],3,0,0,0,0,0,1925-08-09
762,Aguri Suzuki,Japan,1988–1995,0,88,65,0,0,1,0,8,1960-09-08
763,Toshio Suzuki,Japan,1993,0,2,2,0,0,0,0,0,1955-03-10
764,Jacques Swaters,Belgium,"1951, 1953–1954",0,8,7,0,0,0,0,0,1926-10-30
765,Bob Sweikert,United States,1952–1956,0,7[b],5,0,1,1,0,8,1926-05-20
766,Toranosuke Takagi,Japan,1998–1999,0,32,32,0,0,0,0,0,1974-02-12
767,Noritake Takahara,Japan,1976–1977,0,2,2,0,0,0,0,0,1951-06-06
768,Kunimitsu Takahashi,Japan,1977,0,1,1,0,0,0,0,0,1940-01-29
769,Patrick Tambay,France,"1977–1979, 1981–1986",0,123,114,5,2,11,2,103,1949-06-25
770,Luigi Taramazzo,Italy,1958,0,1,0,0,0,0,0,0,1932-05-05
771,Gabriele Tarquini,Italy,"1987–1992, 1995",0,79,38,0,0,0,0,1,1962-03-02
772,Piero Taruffi,Italy,"1950–1952, 1954–1956",0,19,18,0,1,5,1,41,1906-10-12
773,Dennis Taylor,United Kingdom,1959,0,1,0,0,0,0,0,0,1921-06-12
774,Henry Taylor,United Kingdom,1959–1961,0,11,8,0,0,0,0,3,1932-12-16
775,John Taylor,United Kingdom,"1964, 1966",0,5,5,0,0,0,0,1,1933-03-23
776,Mike Taylor,United Kingdom,1959–1960,0,2,1,0,0,0,0,0,1934-04-24
777,Trevor Taylor,United Kingdom,"1959, 1961–1964, 1966",0,29,27,0,0,1,0,8,1936-12-26
778,Marshall Teague,United States,"1953–1954, 1957",0,5[b],3,0,0,0,0,0,1921-02-22
779,Shorty Templeman,United States,"1955, 1958, 1960",0,5[b],3,0,0,0,0,0,1919-08-12
780,Max de Terra,Switzerland,1952–1953,0,2,2,0,0,0,0,0,1918-10-06
781,André Testut,Monaco,1958–1959,0,2,0,0,0,0,0,0,1926-04-13
782,Mike Thackwell,New Zealand,"1980, 1984",0,5,2,0,0,0,0,0,1961-03-30
783,Alfonso Thiele,United States,1960,0,1,1,0,0,0,0,0,1920-04-05
784,Eric Thompson,United Kingdom,1952,0,1,1,0,0,0,0,2,1919-11-04
785,Johnny Thomson,United States,1953–1960,0,8[b],8,1,0,1,1,10,1922-04-09
786,Leslie Thorne,United Kingdom,1954,0,1,1,0,0,0,0,0,1916-06-23
787,Bud Tingelstad,United States,1960,0,1[b],1,0,0,0,0,0,1928-04-04
788,Sam Tingle,Rhodesia,"1963, 1965, 1967–1969",0,5,5,0,0,0,0,0,1921-08-24
789,Desmond Titterington,United Kingdom,1956,0,1,1,0,0,0,0,0,1928-05-01
790,Johnnie Tolan,United States,1956–1958,0,7[b],3,0,0,0,0,0,1917-10-22
791,Alejandro de Tomaso,Argentina[50],"1957, 1959",0,2,2,0,0,0,0,0,1928-07-10
792,Charles de Tornaco,Belgium,1952–1953,0,4,2,0,0,0,0,0,1927-06-07
793,Tony Trimmer,United Kingdom,1975–1978,0,6,0,0,0,0,0,0,1943-01-24
794,Maurice Trintignant,France,1950–1964,0,84,82,0,2,10[ak],1,72.33,1917-10-30
795,Wolfgang von Trips,West Germany,1956–1961,0,29,27,1,2,6,0,56,1928-05-04
796,Jarno Trulli,Italy,1997–2011,0,256,252,4,1,11,1,246.5,1974-07-13
797,Yuki Tsunoda*,Japan,2021–2023,0,66,63,0,0,0,1,61,2000-05-11
798,Esteban Tuero,Argentina,1998,0,16,16,0,0,0,0,0,1978-04-22
799,Guy Tunmer,South Africa,1975,0,1,1,0,0,0,0,0,1948-12-01
800,Jack Turner,United States,1956–1959,0,5[b],4,0,0,0,0,0,1920-02-12
801,Toni Ulmen,West Germany,1952,0,2,2,0,0,0,0,0,1906-01-25
802,Bobby Unser,United States,1968,0,2,1,0,0,0,0,0,1934-02-20
803,Jerry Unser Jr.,United States,1958,0,1[b],1,0,0,0,0,0,1932-11-15
804,Alberto Uria,Uruguay,1955–1956,0,2,2,0,0,0,0,0,1924-07-11
805,Nino Vaccarella,Italy,"1961–1962, 1965",0,5,4,0,0,0,0,0,1933-03-04
806,Stoffel Vandoorne,Belgium,2016–2018,0,42,41,0,0,0,0,26,1992-03-26
807,Bob Veith,United States,1956–1960,0,5[b],5,0,0,0,0,0,1924-11-01
808,Jean-Éric Vergne,France,2012–2014,0,58,58,0,0,0,0,51,1990-04-25
809,Jos Verstappen,Netherlands,"1994–1998, 2000–2001, 2003",0,107,106,0,0,2,0,17,1972-03-04
810,Max Verstappen~,Netherlands,2015–2023,32021–2023,185,185,32,54,98,30,2586.5,1997-09-30
811,Sebastian Vettel^,Germany,2007–2022,42010–2013,300,299,57,53,122,38,3098,1987-07-03
812,Gilles Villeneuve,Canada,1977–1982,0,68,67,2,6,13,8,101 (107),1950-01-18
813,Jacques Villeneuve^,Canada,1996–2006,11997,165,163,13,11,23,9,235,1971-04-09
814,Jacques Villeneuve Sr.,Canada,"1981, 1983",0,3,0,0,0,0,0,0,1953-11-04
815,Luigi Villoresi,Italy,1950–1956,0,34,31,0,0,8,1,46 (49),1909-05-16
816,Emilio de Villota,Spain,"1976–1978, 1981–1982",0,15,2,0,0,0,0,0,1946-07-26
817,Ottorino Volonterio,Switzerland,"1954, 1956–1957",0,3,3,0,0,0,0,0,1917-12-07
818,Jo Vonlanthen,Switzerland,1975,0,1,1,0,0,0,0,0,1942-05-31
819,Ernie de Vos,Canada,1963,0,1,0,0,0,0,0,0,1941-07-01
820,Nyck de Vries*,Netherlands,2022–2023,0,11,11,0,0,0,0,2,1995-02-06
821,Bill Vukovich,United States,1951–1955,0,6[b],5,1,2,2,3,19,1918-12-13
822,Syd van der Vyver,South Africa,1962,0,1,0,0,0,0,0,0,1920-06-01
823,Fred Wacker,United States,1953–1954,0,5,3,0,0,0,0,0,1918-07-10
824,David Walker,Australia,1971–1972,0,11,11,0,0,0,0,0,1941-06-10
825,Peter Walker,United Kingdom,"1950–1951, 1955",0,4,4,0,0,0,0,0,1912-10-07
826,Lee Wallard,United States,1950–1951,0,3[b],2,0,1,1,1,9,1910-09-07
827,Heini Walter,Switzerland,1962,0,1,1,0,0,0,0,0,1927-07-28
828,Rodger Ward,United States,"1951–1960, 1963",0,12,12,0,1,2,0,14,1921-01-10
829,Derek Warwick,United Kingdom,"1981–1990, 1993",0,162,147,0,0,4,2,71,1954-08-27
830,John Watson,United Kingdom,"1973–1983, 1985",0,154,152,2,5,20,5,169,1946-05-04
831,Spider Webb,United States,"1950, 1952–1954",0,5[b],4,0,0,0,0,0,1910-10-08
832,Mark Webber,Australia,2002–2013,0,217,215,13,9,42,19,1047.5,1976-08-27
833,Pascal Wehrlein,Germany,2016–2017,0,40,39,0,0,0,0,6,1994-10-18
834,Volker Weidler,West Germany,1989,0,10,0,0,0,0,0,0,1962-03-18
835,Wayne Weiler,United States,1960,0,1[b],1,0,0,0,0,0,1934-12-09
836,Karl Wendlinger,Austria,1991–1995,0,42,41,0,0,0,0,14,1968-12-20
837,Peter Westbury,United Kingdom,1970,0,2,1,0,0,0,0,0,1938-05-26
838,Chuck Weyant,United States,"1955, 1957–1959",0,6[b],4,0,0,0,0,0,1923-04-03
839,Ken Wharton,United Kingdom,1952–1955,0,16,15,0,0,0,0,3,1916-03-21
840,Ted Whiteaway,United Kingdom,1955,0,1,0,0,0,0,0,0,1928-11-01
841,Graham Whitehead,United Kingdom,1952,0,1,1,0,0,0,0,0,1922-04-15
842,Peter Whitehead,United Kingdom,1950–1954,0,12,10,0,0,1,0,4,1914-11-12
843,Bill Whitehouse,United Kingdom,1954,0,1,1,0,0,0,0,0,1909-04-01
844,Robin Widdows,United Kingdom,1968,0,1,1,0,0,0,0,0,1942-05-27
845,Eppie Wietzes,Canada,"1967, 1974",0,2,2,0,0,0,0,0,1938-05-28
846,Mike Wilds,United Kingdom,1974–1976,0,8,3,0,0,0,0,0,1946-01-07
847,Jonathan Williams,United Kingdom,1967,0,1,1,0,0,0,0,0,1942-10-26
848,Roger Williamson,United Kingdom,1973,0,2,2,0,0,0,0,0,1948-02-02
849,Dempsey Wilson,United States,"1958, 1960",0,5[b],2,0,0,0,0,0,1927-03-11
850,Desiré Wilson,South Africa,1980,0,1,0,0,0,0,0,0,1953-11-26
851,Justin Wilson,United Kingdom,2003,0,16,16,0,0,0,0,1,1978-07-31
852,Vic Wilson,United Kingdom,"1960, 1966",0,2,1,0,0,0,0,0,1931-04-14
853,Joachim Winkelhock,West Germany,1989,0,7,0,0,0,0,0,0,1960-10-24
854,Manfred Winkelhock,West Germany,"1980, 1982–1985",0,56,47,0,0,0,0,2,1951-10-06
855,Markus Winkelhock,Germany,2007,0,1,1,0,0,0,0,0,1980-06-13
856,Reine Wisell,Sweden,1970–1974,0,23,22,0,0,1,0,13,1941-09-30
857,Roelof Wunderink,Netherlands,1975,0,6,3,0,0,0,0,0,1948-12-12
858,Alexander Wurz,Austria,"1997–2000, 2005, 2007",0,69,69,0,0,3,1,45,1974-02-15
859,Sakon Yamamoto,Japan,"2006–2007, 2010",0,21,21,0,0,0,0,0,1982-07-09
860,Alex Yoong,Malaysia,2001–2002,0,18,14,0,0,0,0,0,1976-07-20
861,Alessandro Zanardi,Italy,"1991–1994, 1999",0,44,41,0,0,0,0,1,1966-10-23
862,Emilio Zapico,Spain,1976,0,1,0,0,0,0,0,0,1944-05-27
863,Zhou Guanyu*,China,2022–2023,0,44,44,0,0,0,2,12,1999-05-30
864,Ricardo Zonta,Brazil,"1999–2001, 2004–2005",0,37,36,0,0,0,0,3,1976-03-23
865,Renzo Zorzi,Italy,1975–1977,0,7,7,0,0,0,0,1,1946-12-12
866,Ricardo Zunino,Argentina,1979–1981,0,11,10,0,0,0,0,0,1949-04-13
